Hundee |Root|,Jirma |Stem|,Ani |I|,Nuti |We|,Ati |You|,Isin |You|,Inni |He|,Isheen |She|,Isaan |They|
addeessan,addeess_,Ani addeesse,Nuti addeessne,Ati addeesste,Isin addeesstan,Inni addeesse,Isheen addeesste,Isaan addeessan
afeeruu,afeer_,Ani afeere,Nuti afeerne,Ati afeerte,Isin afeertan,Inni afeere,Isheen afeerte,Isaan afeeran
aguugan,aguug_,Ani aguuge,Nuti aguugne,Ati aguugte,Isin aguugtan,Inni aguuge,Isheen aguugte,Isaan aguugan
argachuu,argat_,Ani argate,Nuti argatne,Ati argatte,Isin argattan,Inni argate,Isheen argatte,Isaan argatan
argadhe,argat_,Ani argate,Nuti argatne,Ati argatte,Isin argattan,Inni argate,Isheen argatte,Isaan argatan
argame,argam_,Ani argame,Nuti argamne,Ati argamte,Isin argamtan,Inni argame,Isheen argamte,Isaan argaman
argamne,argam_,Ani argame,Nuti argamne,Ati argamte,Isin argamtan,Inni argame,Isheen argamte,Isaan argaman
argamu,argam_,Ani argame,Nuti argamne,Ati argamte,Isin argamtan,Inni argame,Isheen argamte,Isaan argaman
argamuu,argam_,Ani argame,Nuti argamne,Ati argamte,Isin argamtan,Inni argame,Isheen argamte,Isaan argaman
argan,arg_,Ani arge,Nuti argne,Ati argte,Isin argtan,Inni arge,Isheen argte,Isaan argan
argatan,argat_,Ani argate,Nuti argatne,Ati argatte,Isin argattan,Inni argate,Isheen argatte,Isaan argatan
argate,argat_,Ani argate,Nuti argatne,Ati argatte,Isin argattan,Inni argate,Isheen argatte,Isaan argatan
argine,argi_,Ani argie,Nuti argine,Ati argite,Isin argitan,Inni argie,Isheen argite,Isaan argian
arjoome,arjoom_,Ani arjoome,Nuti arjoomne,Ati arjoomte,Isin arjoomtan,Inni arjoome,Isheen arjoomte,Isaan arjooman
baafaman,baafam_,Ani baafame,Nuti baafamne,Ati baafamte,Isin baafamtan,Inni baafame,Isheen baafamte,Isaan baafaman
baasuu,baas_,Ani baase,Nuti baasne,Ati baaste,Isin baastan,Inni baase,Isheen baaste,Isaan baasan
baasuun,baas_,Ani baase,Nuti baasne,Ati baaste,Isin baastan,Inni baase,Isheen baaste,Isaan baasan
bade,bad_,Ani bade,Nuti badne,Ati badte,Isin badtan,Inni bade,Isheen badte,Isaan badan
badu,bad_,Ani bade,Nuti badne,Ati badte,Isin badtan,Inni bade,Isheen badte,Isaan badan
baduun,bad_,Ani bade,Nuti badne,Ati badte,Isin badtan,Inni bade,Isheen badte,Isaan badan
bahamuu,baham_,Ani bahame,Nuti bahamne,Ati bahamte,Isin bahamtan,Inni bahame,Isheen bahamte,Isaan bahaman
bahamuun,baham_,Ani bahame,Nuti bahamne,Ati bahamte,Isin bahamtan,Inni bahame,Isheen bahamte,Isaan bahaman
bahan,bah_,Ani bahe,Nuti bahne,Ati bahte,Isin bahtan,Inni bahe,Isheen bahte,Isaan bahan
bahe,bah_,Ani bahe,Nuti bahne,Ati bahte,Isin bahtan,Inni bahe,Isheen bahte,Isaan bahan
bahu,bah_,Ani bahe,Nuti bahne,Ati bahte,Isin bahtan,Inni bahe,Isheen bahte,Isaan bahan
bahuu,bah_,Ani bahe,Nuti bahne,Ati bahte,Isin bahtan,Inni bahe,Isheen bahte,Isaan bahan
bahuun,bah_,Ani bahe,Nuti bahne,Ati bahte,Isin bahtan,Inni bahe,Isheen bahte,Isaan bahan
balleessuu,balleess_,Ani balleesse,Nuti balleessne,Ati balleesste,Isin balleesstan,Inni balleesse,Isheen balleesste,Isaan balleessan
baqsuu,baqs_,Ani baqse,Nuti baqsne,Ati baqste,Isin baqstan,Inni baqse,Isheen baqste,Isaan baqsan
barachuu,barat_,Ani barate,Nuti baratne,Ati baratte,Isin barattan,Inni barate,Isheen baratte,Isaan baratan
barachuun,barat_,Ani barate,Nuti baratne,Ati baratte,Isin barattan,Inni barate,Isheen baratte,Isaan baratan
baranne,barat_,Ani barate,Nuti baratne,Ati baratte,Isin barattan,Inni barate,Isheen baratte,Isaan baratan
baratan,barat_,Ani barate,Nuti baratne,Ati baratte,Isin barattan,Inni barate,Isheen baratte,Isaan baratan
baratu,barat_,Ani barate,Nuti baratne,Ati baratte,Isin barattan,Inni barate,Isheen baratte,Isaan baratan
barbaachise,barbaachis_,Ani barbaachise,Nuti barbaachisne,Ati barbaachiste,Isin barbaachistan,Inni barbaachise,Isheen barbaachiste,Isaan barbaachisan
barbaachisu,barbaachis_,Ani barbaachise,Nuti barbaachisne,Ati barbaachiste,Isin barbaachistan,Inni barbaachise,Isheen barbaachiste,Isaan barbaachisan
barbaadame,barbaadam_,Ani barbaadame,Nuti barbaadamne,Ati barbaadamte,Isin barbaadamtan,Inni barbaadame,Isheen barbaadamte,Isaan barbaadaman
barbaadamuu,barbaadam_,Ani barbaadame,Nuti barbaadamne,Ati barbaadamte,Isin barbaadamtan,Inni barbaadame,Isheen barbaadamte,Isaan barbaadaman
barbaaddachuun,barbaaddat_,Ani barbaaddate,Nuti barbaaddatne,Ati barbaaddatte,Isin barbaaddattan,Inni barbaaddate,Isheen barbaaddatte,Isaan barbaaddatan
barbaaddu,barbaad_,Ani barbaade,Nuti barbaadne,Ati barbaadte,Isin barbaadtan,Inni barbaade,Isheen barbaadte,Isaan barbaadan
barreessan,barreess_,Ani barreesse,Nuti barreessne,Ati barreesste,Isin barreesstan,Inni barreesse,Isheen barreesste,Isaan barreessan
barreessuu,barreess_,Ani barreesse,Nuti barreessne,Ati barreesste,Isin barreesstan,Inni barreesse,Isheen barreesste,Isaan barreessan
barsiisu,barsiis_,Ani barsiise,Nuti barsiisne,Ati barsiiste,Isin barsiistan,Inni barsiise,Isheen barsiiste,Isaan barsiisan
barsiisuu,barsiis_,Ani barsiise,Nuti barsiisne,Ati barsiiste,Isin barsiistan,Inni barsiise,Isheen barsiiste,Isaan barsiisan
baruun,bar_,Ani bare,Nuti barne,Ati barte,Isin bartan,Inni bare,Isheen barte,Isaan baran
bayan,bay_,Ani baye,Nuti bayne,Ati bayte,Isin baytan,Inni baye,Isheen bayte,Isaan bayan
beekame,beekam_,Ani beekame,Nuti beekamne,Ati beekamte,Isin beekamtan,Inni beekame,Isheen beekamte,Isaan beekaman
beekamu,beekam_,Ani beekame,Nuti beekamne,Ati beekamte,Isin beekamtan,Inni beekame,Isheen beekamte,Isaan beekaman
beekamuu,beekam_,Ani beekame,Nuti beekamne,Ati beekamte,Isin beekamtan,Inni beekame,Isheen beekamte,Isaan beekaman
beekkamu,beekkam_,Ani beekkame,Nuti beekkamne,Ati beekkamte,Isin beekkamtan,Inni beekkame,Isheen beekkamte,Isaan beekkaman
beeku,beek_,Ani beeke,Nuti beekne,Ati beekte,Isin beektan,Inni beeke,Isheen beekte,Isaan beekan
beekuu,beek_,Ani beeke,Nuti beekne,Ati beekte,Isin beektan,Inni beeke,Isheen beekte,Isaan beekan
beekuun,beek_,Ani beeke,Nuti beekne,Ati beekte,Isin beektan,Inni beeke,Isheen beekte,Isaan beekan
bittimsuu,bittims_,Ani bittimse,Nuti bittimsne,Ati bittimste,Isin bittimstan,Inni bittimse,Isheen bittimste,Isaan bittimsan
bituun,bit_,Ani bite,Nuti bitne,Ati bitte,Isin bittan,Inni bite,Isheen bitte,Isaan bitan
bulan,bul_,Ani bule,Nuti bulne,Ati bulte,Isin bultan,Inni bule,Isheen bulte,Isaan bulan
bulchu,bulch_,Ani bulche,Nuti bulchne,Ati bulchte,Isin bulchtan,Inni bulche,Isheen bulchte,Isaan bulchan
bulchuu,bulch_,Ani bulche,Nuti bulchne,Ati bulchte,Isin bulchtan,Inni bulche,Isheen bulchte,Isaan bulchan
bulte,bul_,Ani bule,Nuti bulne,Ati bulte,Isin bultan,Inni bule,Isheen bulte,Isaan bulan
bulu,bul_,Ani bule,Nuti bulne,Ati bulte,Isin bultan,Inni bule,Isheen bulte,Isaan bulan
busheessuu,busheess_,Ani busheesse,Nuti busheessne,Ati busheesste,Isin busheesstan,Inni busheesse,Isheen busheesste,Isaan busheessan
buufame,buufam_,Ani buufame,Nuti buufamne,Ati buufamte,Isin buufamtan,Inni buufame,Isheen buufamte,Isaan buufaman
buusu,buus_,Ani buuse,Nuti buusne,Ati buuste,Isin buustan,Inni buuse,Isheen buuste,Isaan buusan
bu'u,bu'_,Ani bu'e,Nuti bu'ne,Ati bu'te,Isin bu'tan,Inni bu'e,Isheen bu'te,Isaan bu'an
calaqqisiisan,calaqqisiis_,Ani calaqqisiise,Nuti calaqqisiisne,Ati calaqqisiiste,Isin calaqqisiistan,Inni calaqqisiise,Isheen calaqqisiiste,Isaan calaqqisiisan
calaqqisiisuu,calaqqisiis_,Ani calaqqisiise,Nuti calaqqisiisne,Ati calaqqisiiste,Isin calaqqisiistan,Inni calaqqisiise,Isheen calaqqisiiste,Isaan calaqqisiisan
calaqqisuu,calaqqis_,Ani calaqqise,Nuti calaqqisne,Ati calaqqiste,Isin calaqqistan,Inni calaqqise,Isheen calaqqiste,Isaan calaqqisan
ceesifne,ceesis_,Ani ceesise,Nuti ceesisne,Ati ceesiste,Isin ceesistan,Inni ceesise,Isheen ceesiste,Isaan ceesisan
cehuun,ceh_,Ani cehe,Nuti cehne,Ati cehte,Isin cehtan,Inni cehe,Isheen cehte,Isaan cehan
ceuun,ce_,Ani cee,Nuti cene,Ati cete,Isin cetan,Inni cee,Isheen cete,Isaan cean
ce'ame,ce'am_,Ani ce'ame,Nuti ce'amne,Ati ce'amte,Isin ce'amtan,Inni ce'ame,Isheen ce'amte,Isaan ce'aman
cobsuun,cobs_,Ani cobse,Nuti cobsne,Ati cobste,Isin cobstan,Inni cobse,Isheen cobste,Isaan cobsan
cunqursuu,cunqurs_,Ani cunqurse,Nuti cunqursne,Ati cunqurste,Isin cunqurstan,Inni cunqurse,Isheen cunqurste,Isaan cunqursan
daangeffame,daangeffam_,Ani daangeffame,Nuti daangeffamne,Ati daangeffamte,Isin daangeffamtan,Inni daangeffame,Isheen daangeffamte,Isaan daangeffaman
dabarsu,dabars_,Ani dabarse,Nuti dabarsne,Ati dabarste,Isin dabarstan,Inni dabarse,Isheen dabarste,Isaan dabarsan
dabarsuu,dabars_,Ani dabarse,Nuti dabarsne,Ati dabarste,Isin dabarstan,Inni dabarse,Isheen dabarste,Isaan dabarsan
dabarsuun,dabars_,Ani dabarse,Nuti dabarsne,Ati dabarste,Isin dabarstan,Inni dabarse,Isheen dabarste,Isaan dabarsan
dabruun,dabr_,Ani dabre,Nuti dabrne,Ati dabrte,Isin dabrtan,Inni dabre,Isheen dabrte,Isaan dabran
dadhaban,dadhab_,Ani dadhabe,Nuti dadhabne,Ati dadhabte,Isin dadhabtan,Inni dadhabe,Isheen dadhabte,Isaan dadhaban
daligamuu,daligam_,Ani daligame,Nuti daligamne,Ati daligamte,Isin daligamtan,Inni daligame,Isheen daligamte,Isaan daligaman
dandaame,dandaam_,Ani dandaame,Nuti dandaamne,Ati dandaamte,Isin dandaamtan,Inni dandaame,Isheen dandaamte,Isaan dandaaman
dandahu,dandah_,Ani dandahe,Nuti dandahne,Ati dandahte,Isin dandahtan,Inni dandahe,Isheen dandahte,Isaan dandahan
dandame,dandam_,Ani dandame,Nuti dandamne,Ati dandamte,Isin dandamtan,Inni dandame,Isheen dandamte,Isaan dandaman
dandau,danda_,Ani dandae,Nuti dandane,Ati dandate,Isin dandatan,Inni dandae,Isheen dandate,Isaan dandaan
dandauu,danda_,Ani dandae,Nuti dandane,Ati dandate,Isin dandatan,Inni dandae,Isheen dandate,Isaan dandaan
danda'amu,danda'am_,Ani danda'ame,Nuti danda'amne,Ati danda'amte,Isin danda'amtan,Inni danda'ame,Isheen danda'amte,Isaan danda'aman
danda'an,danda'_,Ani danda'e,Nuti danda'ne,Ati danda'te,Isin danda'tan,Inni danda'e,Isheen danda'te,Isaan danda'an
danda'u,danda'_,Ani danda'e,Nuti danda'ne,Ati danda'te,Isin danda'tan,Inni danda'e,Isheen danda'te,Isaan danda'an
dandeenye,danda'_,Ani danda'e,Nuti danda'ne,Ati danda'te,Isin danda'tan,Inni danda'e,Isheen danda'te,Isaan danda'an
dandeessisu,dandeessis_,Ani dandeessise,Nuti dandeessisne,Ati dandeessiste,Isin dandeessistan,Inni dandeessise,Isheen dandeessiste,Isaan dandeessisan
deebifaman,deebifam_,Ani deebifame,Nuti deebifamne,Ati deebifamte,Isin deebifamtan,Inni deebifame,Isheen deebifamte,Isaan deebifaman
deebisuu,deebis_,Ani deebise,Nuti deebisne,Ati deebiste,Isin deebistan,Inni deebise,Isheen deebiste,Isaan deebisan
deebisuun,deebis_,Ani deebise,Nuti deebisne,Ati deebiste,Isin deebistan,Inni deebise,Isheen deebiste,Isaan deebisan
deebi'an,deebi'_,Ani deebi'e,Nuti deebi'ne,Ati deebi'te,Isin deebi'tan,Inni deebi'e,Isheen deebi'te,Isaan deebi'an
deebi'uu,deebi'_,Ani deebi'e,Nuti deebi'ne,Ati deebi'te,Isin deebi'tan,Inni deebi'e,Isheen deebi'te,Isaan deebi'an
deeggaramuu,deeggaram_,Ani deeggarame,Nuti deeggaramne,Ati deeggaramte,Isin deeggaramtan,Inni deeggarame,Isheen deeggaramte,Isaan deeggaraman
deeman,deem_,Ani deeme,Nuti deemne,Ati deemte,Isin deemtan,Inni deeme,Isheen deemte,Isaan deeman
deeme,deem_,Ani deeme,Nuti deemne,Ati deemte,Isin deemtan,Inni deeme,Isheen deemte,Isaan deeman
deemtu,deem_,Ani deeme,Nuti deemne,Ati deemte,Isin deemtan,Inni deeme,Isheen deemte,Isaan deeman
deemu,deem_,Ani deeme,Nuti deemne,Ati deemte,Isin deemtan,Inni deeme,Isheen deemte,Isaan deeman
deemuu,deem_,Ani deeme,Nuti deemne,Ati deemte,Isin deemtan,Inni deeme,Isheen deemte,Isaan deeman
deemuun,deem_,Ani deeme,Nuti deemne,Ati deemte,Isin deemtan,Inni deeme,Isheen deemte,Isaan deeman
dhaabachuun,dhaabat_,Ani dhaabate,Nuti dhaabatne,Ati dhaabatte,Isin dhaabattan,Inni dhaabate,Isheen dhaabatte,Isaan dhaabatan
dhaadheffame,dhaadheffam_,Ani dhaadheffame,Nuti dhaadheffamne,Ati dhaadheffamte,Isin dhaadheffamtan,Inni dhaadheffame,Isheen dhaadheffamte,Isaan dhaadheffaman
dhaadhessuu,dhaadhess_,Ani dhaadhesse,Nuti dhaadhessne,Ati dhaadhesste,Isin dhaadhesstan,Inni dhaadhesse,Isheen dhaadhesste,Isaan dhaadhessan
dhabsiise,dhabsiis_,Ani dhabsiise,Nuti dhabsiisne,Ati dhabsiiste,Isin dhabsiistan,Inni dhabsiise,Isheen dhabsiiste,Isaan dhabsiisan
dhagahamu,dhagaham_,Ani dhagahame,Nuti dhagahamne,Ati dhagahamte,Isin dhagahamtan,Inni dhagahame,Isheen dhagahamte,Isaan dhagahaman
dhagahamuu,dhagaham_,Ani dhagahame,Nuti dhagahamne,Ati dhagahamte,Isin dhagahamtan,Inni dhagahame,Isheen dhagahamte,Isaan dhagahaman
dhaggeeffadhu,dhaggeeffat_,Ani dhaggeeffate,Nuti dhaggeeffatne,Ati dhaggeeffatte,Isin dhaggeeffattan,Inni dhaggeeffate,Isheen dhaggeeffatte,Isaan dhaggeeffatan
dhahaman,dhaham_,Ani dhahame,Nuti dhahamne,Ati dhahamte,Isin dhahamtan,Inni dhahame,Isheen dhahamte,Isaan dhahaman
dhalatan,dhalat_,Ani dhalate,Nuti dhalatne,Ati dhalatte,Isin dhalattan,Inni dhalate,Isheen dhalatte,Isaan dhalatan
dhalattu,dhalat_,Ani dhalate,Nuti dhalatne,Ati dhalatte,Isin dhalattan,Inni dhalate,Isheen dhalatte,Isaan dhalatan
dhalatu,dhalat_,Ani dhalate,Nuti dhalatne,Ati dhalatte,Isin dhalattan,Inni dhalate,Isheen dhalatte,Isaan dhalatan
dhalchan,dhalch_,Ani dhalche,Nuti dhalchne,Ati dhalchte,Isin dhalchtan,Inni dhalche,Isheen dhalchte,Isaan dhalchan
dheerate,dheerat_,Ani dheerate,Nuti dheeratne,Ati dheeratte,Isin dheerattan,Inni dheerate,Isheen dheeratte,Isaan dheeratan
dheeressuu,dheeress_,Ani dheeresse,Nuti dheeressne,Ati dheeresste,Isin dheeresstan,Inni dheeresse,Isheen dheeresste,Isaan dheeressan
dheeressuun,dheeress_,Ani dheeresse,Nuti dheeressne,Ati dheeresste,Isin dheeresstan,Inni dheeresse,Isheen dheeresste,Isaan dheeressan
dhiheesse,dhiheess_,Ani dhiheesse,Nuti dhiheessne,Ati dhiheesste,Isin dhiheesstan,Inni dhiheesse,Isheen dhiheesste,Isaan dhiheessan
dhiheessine,dhiheessi_,Ani dhiheessie,Nuti dhiheessine,Ati dhiheessite,Isin dhiheessitan,Inni dhiheessie,Isheen dhiheessite,Isaan dhiheessian
dhiibe,dhiib_,Ani dhiibe,Nuti dhiibne,Ati dhiibte,Isin dhiibtan,Inni dhiibe,Isheen dhiibte,Isaan dhiiban
dhiibu,dhiib_,Ani dhiibe,Nuti dhiibne,Ati dhiibte,Isin dhiibtan,Inni dhiibe,Isheen dhiibte,Isaan dhiiban
dhiifamuu,dhiifam_,Ani dhiifame,Nuti dhiifamne,Ati dhiifamte,Isin dhiifamtan,Inni dhiifame,Isheen dhiifamte,Isaan dhiifaman
dhiisuu,dhiis_,Ani dhiise,Nuti dhiisne,Ati dhiiste,Isin dhiistan,Inni dhiise,Isheen dhiiste,Isaan dhiisan
dhiite,dhiit_,Ani dhiite,Nuti dhiitne,Ati dhiitte,Isin dhiittan,Inni dhiite,Isheen dhiitte,Isaan dhiitan
dhorkuutu,dhork_,Ani dhorke,Nuti dhorkne,Ati dhorkte,Isin dhorktan,Inni dhorke,Isheen dhorkte,Isaan dhorkan
dhufan,dhuf_,Ani dhufe,Nuti dhufne,Ati dhufte,Isin dhuftan,Inni dhufe,Isheen dhufte,Isaan dhufan
dhufe,dhuf_,Ani dhufe,Nuti dhufne,Ati dhufte,Isin dhuftan,Inni dhufe,Isheen dhufte,Isaan dhufan
dhufuu,dhuf_,Ani dhufe,Nuti dhufne,Ati dhufte,Isin dhuftan,Inni dhufe,Isheen dhufte,Isaan dhufan
dhufuun,dhuf_,Ani dhufe,Nuti dhufne,Ati dhufte,Isin dhuftan,Inni dhufe,Isheen dhufte,Isaan dhufan
dhumuu,dhum_,Ani dhume,Nuti dhumne,Ati dhumte,Isin dhumtan,Inni dhume,Isheen dhumte,Isaan dhuman
diigamu,diigam_,Ani diigame,Nuti diigamne,Ati diigamte,Isin diigamtan,Inni diigame,Isheen diigamte,Isaan diigaman
diiigame,diiigam_,Ani diiigame,Nuti diiigamne,Ati diiigamte,Isin diiigamtan,Inni diiigame,Isheen diiigamte,Isaan diiigaman
dirqamte,dirqam_,Ani dirqame,Nuti dirqamne,Ati dirqamte,Isin dirqamtan,Inni dirqame,Isheen dirqamte,Isaan dirqaman
dirqisiisuu,dirqisiis_,Ani dirqisiise,Nuti dirqisiisne,Ati dirqisiiste,Isin dirqisiistan,Inni dirqisiise,Isheen dirqisiiste,Isaan dirqisiisan
dirquu,dirq_,Ani dirqe,Nuti dirqne,Ati dirqte,Isin dirqtan,Inni dirqe,Isheen dirqte,Isaan dirqan
dubbachiiftuu,dubbachis_,Ani dubbachise,Nuti dubbachisne,Ati dubbachiste,Isin dubbachistan,Inni dubbachise,Isheen dubbachiste,Isaan dubbachisan
dubbachiiftuun,dubbachiis_,Ani dubbachiise,Nuti dubbachiisne,Ati dubbachiiste,Isin dubbachiistan,Inni dubbachiise,Isheen dubbachiiste,Isaan dubbachiisan
dubbachiisu,dubbachiis_,Ani dubbachiise,Nuti dubbachiisne,Ati dubbachiiste,Isin dubbachiistan,Inni dubbachiise,Isheen dubbachiiste,Isaan dubbachiisan
dubbatan,dubbat_,Ani dubbate,Nuti dubbatne,Ati dubbatte,Isin dubbattan,Inni dubbate,Isheen dubbatte,Isaan dubbatan
dubbatu,dubbat_,Ani dubbate,Nuti dubbatne,Ati dubbatte,Isin dubbattan,Inni dubbate,Isheen dubbatte,Isaan dubbatan
dubbisuu,dubbis_,Ani dubbise,Nuti dubbisne,Ati dubbiste,Isin dubbistan,Inni dubbise,Isheen dubbiste,Isaan dubbisan
dubbisuun,dubbis_,Ani dubbise,Nuti dubbisne,Ati dubbiste,Isin dubbistan,Inni dubbise,Isheen dubbiste,Isaan dubbisan
duulan,duul_,Ani duule,Nuti duulne,Ati duulte,Isin duultan,Inni duule,Isheen duulte,Isaan duulan
eegalan,eegal_,Ani eegale,Nuti eegalne,Ati eegalte,Isin eegaltan,Inni eegale,Isheen eegalte,Isaan eegalan
eegale,eegal_,Ani eegale,Nuti eegalne,Ati eegalte,Isin eegaltan,Inni eegale,Isheen eegalte,Isaan eegalan
eegalte,eegal_,Ani eegale,Nuti eegalne,Ati eegalte,Isin eegaltan,Inni eegale,Isheen eegalte,Isaan eegalan
eegan,eeg_,Ani eege,Nuti eegne,Ati eegte,Isin eegtan,Inni eege,Isheen eegte,Isaan eegan
eeggachuu,eeggat_,Ani eeggate,Nuti eeggatne,Ati eeggatte,Isin eeggattan,Inni eeggate,Isheen eeggatte,Isaan eeggatan
eeggatan,eeggat_,Ani eeggate,Nuti eeggatne,Ati eeggatte,Isin eeggattan,Inni eeggate,Isheen eeggatte,Isaan eeggatan
eeggatu,eeggat_,Ani eeggate,Nuti eeggatne,Ati eeggatte,Isin eeggattan,Inni eeggate,Isheen eeggatte,Isaan eeggatan
eeguu,eeg_,Ani eege,Nuti eegne,Ati eegte,Isin eegtan,Inni eege,Isheen eegte,Isaan eegan
ergame,ergam_,Ani ergame,Nuti ergamne,Ati ergamte,Isin ergamtan,Inni ergame,Isheen ergamte,Isaan ergaman
faccisan,faccis_,Ani faccise,Nuti faccisne,Ati facciste,Isin faccistan,Inni faccise,Isheen facciste,Isaan faccisan
fagaachuu,fagaat_,Ani fagaate,Nuti fagaatne,Ati fagaatte,Isin fagaattan,Inni fagaate,Isheen fagaatte,Isaan fagaatan
fagaate,fagaat_,Ani fagaate,Nuti fagaatne,Ati fagaatte,Isin fagaattan,Inni fagaate,Isheen fagaatte,Isaan fagaatan
fagaattu,fagaat_,Ani fagaate,Nuti fagaatne,Ati fagaatte,Isin fagaattan,Inni fagaate,Isheen fagaatte,Isaan fagaatan
fageeffame,fageeffam_,Ani fageeffame,Nuti fageeffamne,Ati fageeffamte,Isin fageeffamtan,Inni fageeffame,Isheen fageeffamte,Isaan fageeffaman
fakkaatan,fakkaat_,Ani fakkaate,Nuti fakkaatne,Ati fakkaatte,Isin fakkaattan,Inni fakkaate,Isheen fakkaatte,Isaan fakkaatan
fayyadamnu,fayyadam_,Ani fayyadame,Nuti fayyadamne,Ati fayyadamte,Isin fayyadamtan,Inni fayyadame,Isheen fayyadamte,Isaan fayyadaman
fayyadamuu,fayyadam_,Ani fayyadame,Nuti fayyadamne,Ati fayyadamte,Isin fayyadamtan,Inni fayyadame,Isheen fayyadamte,Isaan fayyadaman
fedhan,fedh_,Ani fedhe,Nuti fedhne,Ati fedhte,Isin fedhtan,Inni fedhe,Isheen fedhte,Isaan fedhan
fedhe,fedh_,Ani fedhe,Nuti fedhne,Ati fedhte,Isin fedhtan,Inni fedhe,Isheen fedhte,Isaan fedhan
fide,fid_,Ani fide,Nuti fidne,Ati fidte,Isin fidtan,Inni fide,Isheen fidte,Isaan fidan
fiduu,fid_,Ani fide,Nuti fidne,Ati fidte,Isin fidtan,Inni fide,Isheen fidte,Isaan fidan
finciiluun,finciil_,Ani finciile,Nuti finciilne,Ati finciilte,Isin finciiltan,Inni finciile,Isheen finciilte,Isaan finciilan
fooyyeessuu,fooyyeess_,Ani fooyyeesse,Nuti fooyyeessne,Ati fooyyeesste,Isin fooyyeesstan,Inni fooyyeesse,Isheen fooyyeesste,Isaan fooyyeessan
fooyyeessuun,fooyyeess_,Ani fooyyeesse,Nuti fooyyeessne,Ati fooyyeesste,Isin fooyyeesstan,Inni fooyyeesse,Isheen fooyyeesste,Isaan fooyyeessan
fudhachuun,fudhat_,Ani fudhate,Nuti fudhatne,Ati fudhatte,Isin fudhattan,Inni fudhate,Isheen fudhatte,Isaan fudhatan
fudhannu,fudhat_,Ani fudhate,Nuti fudhatne,Ati fudhatte,Isin fudhattan,Inni fudhate,Isheen fudhatte,Isaan fudhatan
fudhatu,fudhat_,Ani fudhate,Nuti fudhatne,Ati fudhatte,Isin fudhattan,Inni fudhate,Isheen fudhatte,Isaan fudhatan
fufe,fuf_,Ani fufe,Nuti fufne,Ati fufte,Isin fuftan,Inni fufe,Isheen fufte,Isaan fufan
fufsiise,fufsiis_,Ani fufsiise,Nuti fufsiisne,Ati fufsiiste,Isin fufsiistan,Inni fufsiise,Isheen fufsiiste,Isaan fufsiisan
gaafatame,gaafatam_,Ani gaafatame,Nuti gaafatamne,Ati gaafatamte,Isin gaafatamtan,Inni gaafatame,Isheen gaafatamte,Isaan gaafataman
gaggeeffamuu,gaggeeffam_,Ani gaggeeffame,Nuti gaggeeffamne,Ati gaggeeffamte,Isin gaggeeffamtan,Inni gaggeeffame,Isheen gaggeeffamte,Isaan gaggeeffaman
gaggeessan,gaggeess_,Ani gaggeesse,Nuti gaggeessne,Ati gaggeesste,Isin gaggeesstan,Inni gaggeesse,Isheen gaggeesste,Isaan gaggeessan
gahe,gah_,Ani gahe,Nuti gahne,Ati gahte,Isin gahtan,Inni gahe,Isheen gahte,Isaan gahan
galan,gal_,Ani gale,Nuti galne,Ati galte,Isin galtan,Inni gale,Isheen galte,Isaan galan
gargaaran,gargaar_,Ani gargaare,Nuti gargaarne,Ati gargaarte,Isin gargaartan,Inni gargaare,Isheen gargaarte,Isaan gargaaran
gargaarsifachuu,gargaarsifat_,Ani gargaarsifate,Nuti gargaarsifatne,Ati gargaarsifatte,Isin gargaarsifattan,Inni gargaarsifate,Isheen gargaarsifatte,Isaan gargaarsifatan
gargaaruu,gargaar_,Ani gargaare,Nuti gargaarne,Ati gargaarte,Isin gargaartan,Inni gargaare,Isheen gargaarte,Isaan gargaaran
gau,ga_,Ani gae,Nuti gane,Ati gate,Isin gatan,Inni gae,Isheen gate,Isaan gaan
geenye,ga'_,Ani ga'e,Nuti ga'ne,Ati ga'te,Isin ga'tan,Inni ga'e,Isheen ga'te,Isaan ga'an
geggeeffame,geggeeffam_,Ani geggeeffame,Nuti geggeeffamne,Ati geggeeffamte,Isin geggeeffamtan,Inni geggeeffame,Isheen geggeeffamte,Isaan geggeeffaman
geggeeffamu,geggeeffam_,Ani geggeeffame,Nuti geggeeffamne,Ati geggeeffamte,Isin geggeeffamtan,Inni geggeeffame,Isheen geggeeffamte,Isaan geggeeffaman
geggeeffatan,geggeeffat_,Ani geggeeffate,Nuti geggeeffatne,Ati geggeeffatte,Isin geggeeffattan,Inni geggeeffate,Isheen geggeeffatte,Isaan geggeeffatan
gochuu,godh_,Ani godhe,Nuti godhne,Ati godhte,Isin godhtan,Inni godhe,Isheen godhte,Isaan godhan
gochuun,godh_,Ani godhe,Nuti godhne,Ati godhte,Isin godhtan,Inni godhe,Isheen godhte,Isaan godhan
godhame,godham_,Ani godhame,Nuti godhamne,Ati godhamte,Isin godhamtan,Inni godhame,Isheen godhamte,Isaan godhaman
godhamu,godham_,Ani godhame,Nuti godhamne,Ati godhamte,Isin godhamtan,Inni godhame,Isheen godhamte,Isaan godhaman
godhamuu,godham_,Ani godhame,Nuti godhamne,Ati godhamte,Isin godhamtan,Inni godhame,Isheen godhamte,Isaan godhaman
godhe,godh_,Ani godhe,Nuti godhne,Ati godhte,Isin godhtan,Inni godhe,Isheen godhte,Isaan godhan
godhu,godh_,Ani godhe,Nuti godhne,Ati godhte,Isin godhtan,Inni godhe,Isheen godhte,Isaan godhan
godhuu,godh_,Ani godhe,Nuti godhne,Ati godhte,Isin godhtan,Inni godhe,Isheen godhte,Isaan godhan
gubuu,gub_,Ani gube,Nuti gubne,Ati gubte,Isin gubtan,Inni gube,Isheen gubte,Isaan guban
guddatan,guddat_,Ani guddate,Nuti guddatne,Ati guddatte,Isin guddattan,Inni guddate,Isheen guddatte,Isaan guddatan
guddate,guddat_,Ani guddate,Nuti guddatne,Ati guddatte,Isin guddattan,Inni guddate,Isheen guddatte,Isaan guddatan
guddatte,guddat_,Ani guddate,Nuti guddatne,Ati guddatte,Isin guddattan,Inni guddate,Isheen guddatte,Isaan guddatan
gurmaa'u,gurmaa'_,Ani gurmaa'e,Nuti gurmaa'ne,Ati gurmaa'te,Isin gurmaa'tan,Inni gurmaa'e,Isheen gurmaa'te,Isaan gurmaa'an
guutuu,guu_,Ani guue,Nuti guune,Ati guute,Isin guutan,Inni guue,Isheen guute,Isaan guuan
haanuu,haan_,Ani haane,Nuti haanne,Ati haante,Isin haantan,Inni haane,Isheen haante,Isaan haanan
hacuucame,hacuucam_,Ani hacuucame,Nuti hacuucamne,Ati hacuucamte,Isin hacuucamtan,Inni hacuucame,Isheen hacuucamte,Isaan hacuucaman
hambisu,hambis_,Ani hambise,Nuti hambisne,Ati hambiste,Isin hambistan,Inni hambise,Isheen hambiste,Isaan hambisan
haxaatan,haxaat_,Ani haxaate,Nuti haxaatne,Ati haxaatte,Isin haxaattan,Inni haxaate,Isheen haxaatte,Isaan haxaatan
hayyamu,hayyam_,Ani hayyame,Nuti hayyamne,Ati hayyamte,Isin hayyamtan,Inni hayyame,Isheen hayyamte,Isaan hayyaman
hiikkamne,hiikkam_,Ani hiikkame,Nuti hiikkamne,Ati hiikkamte,Isin hiikkamtan,Inni hiikkame,Isheen hiikkamte,Isaan hiikkaman
hiikuu,hiik_,Ani hiike,Nuti hiikne,Ati hiikte,Isin hiiktan,Inni hiike,Isheen hiikte,Isaan hiikan
himan,him_,Ani hime,Nuti himne,Ati himte,Isin himtan,Inni hime,Isheen himte,Isaan himan
himatan,himat_,Ani himate,Nuti himatne,Ati himatte,Isin himattan,Inni himate,Isheen himatte,Isaan himatan
hirmaachisan,hirmaachis_,Ani hirmaachise,Nuti hirmaachisne,Ati hirmaachiste,Isin hirmaachistan,Inni hirmaachise,Isheen hirmaachiste,Isaan hirmaachisan
hirmaachisuu,hirmaachis_,Ani hirmaachise,Nuti hirmaachisne,Ati hirmaachiste,Isin hirmaachistan,Inni hirmaachise,Isheen hirmaachiste,Isaan hirmaachisan
hojjachuu,hojjat_,Ani hojjate,Nuti hojjatne,Ati hojjatte,Isin hojjattan,Inni hojjate,Isheen hojjatte,Isaan hojjatan
hojjatu,hojjat_,Ani hojjate,Nuti hojjatne,Ati hojjatte,Isin hojjattan,Inni hojjate,Isheen hojjatte,Isaan hojjatan
hojjetan,hojjet_,Ani hojjete,Nuti hojjetne,Ati hojjette,Isin hojjettan,Inni hojjete,Isheen hojjette,Isaan hojjetan
hordofu,hordof_,Ani hordofe,Nuti hordofne,Ati hordofte,Isin hordoftan,Inni hordofe,Isheen hordofte,Isaan hordofan
hordofuu,hordof_,Ani hordofe,Nuti hordofne,Ati hordofte,Isin hordoftan,Inni hordofe,Isheen hordofte,Isaan hordofan
hordofuun,hordof_,Ani hordofe,Nuti hordofne,Ati hordofte,Isin hordoftan,Inni hordofe,Isheen hordofte,Isaan hordofan
hubachuu,hubat_,Ani hubate,Nuti hubatne,Ati hubatte,Isin hubattan,Inni hubate,Isheen hubatte,Isaan hubatan
hubachuun,hubat_,Ani hubate,Nuti hubatne,Ati hubatte,Isin hubattan,Inni hubate,Isheen hubatte,Isaan hubatan
hubannu,hubat_,Ani hubate,Nuti hubatne,Ati hubatte,Isin hubattan,Inni hubate,Isheen hubatte,Isaan hubatan
hubatan,hubat_,Ani hubate,Nuti hubatne,Ati hubatte,Isin hubattan,Inni hubate,Isheen hubatte,Isaan hubatan
hundaaye,hundaay_,Ani hundaaye,Nuti hundaayne,Ati hundaayte,Isin hundaaytan,Inni hundaaye,Isheen hundaayte,Isaan hundaayan
ibsamne,ibsam_,Ani ibsame,Nuti ibsamne,Ati ibsamte,Isin ibsamtan,Inni ibsame,Isheen ibsamte,Isaan ibsaman
ibsuu,ibs_,Ani ibse,Nuti ibsne,Ati ibste,Isin ibstan,Inni ibse,Isheen ibste,Isaan ibsan
ilaalamu,ilaalam_,Ani ilaalame,Nuti ilaalamne,Ati ilaalamte,Isin ilaalamtan,Inni ilaalame,Isheen ilaalamte,Isaan ilaalaman
ilaalan,ilaal_,Ani ilaale,Nuti ilaalne,Ati ilaalte,Isin ilaaltan,Inni ilaale,Isheen ilaalte,Isaan ilaalan
irkatte,irkat_,Ani irkate,Nuti irkatne,Ati irkatte,Isin irkattan,Inni irkate,Isheen irkatte,Isaan irkatan
ittifamuu,ittifam_,Ani ittifame,Nuti ittifamne,Ati ittifamte,Isin ittifamtan,Inni ittifame,Isheen ittifamte,Isaan ittifaman
iyyuu,iyy_,Ani iyye,Nuti iyyne,Ati iyyte,Isin iyytan,Inni iyye,Isheen iyyte,Isaan iyyan
jaaramuun,jaaram_,Ani jaarame,Nuti jaaramne,Ati jaaramte,Isin jaaramtan,Inni jaarame,Isheen jaaramte,Isaan jaaraman
jaare,jaar_,Ani jaare,Nuti jaarne,Ati jaarte,Isin jaartan,Inni jaare,Isheen jaarte,Isaan jaaran
jaarratan,jaarrat_,Ani jaarrate,Nuti jaarratne,Ati jaarratte,Isin jaarrattan,Inni jaarrate,Isheen jaarratte,Isaan jaarratan
jallisuun,jallis_,Ani jallise,Nuti jallisne,Ati jalliste,Isin jallistan,Inni jallise,Isheen jalliste,Isaan jallisan
jechuu,jedh_,Ani jedhe,Nuti jedhne,Ati jedhte,Isin jedhtan,Inni jedhe,Isheen jedhte,Isaan jedhan
jechuun,jedh_,Ani jedhe,Nuti jedhne,Ati jedhte,Isin jedhtan,Inni jedhe,Isheen jedhte,Isaan jedhan
jedhamu,jedham_,Ani jedhame,Nuti jedhamne,Ati jedhamte,Isin jedhamtan,Inni jedhame,Isheen jedhamte,Isaan jedhaman
jedhan,jedh_,Ani jedhe,Nuti jedhne,Ati jedhte,Isin jedhtan,Inni jedhe,Isheen jedhte,Isaan jedhan
jedhu,jedh_,Ani jedhe,Nuti jedhne,Ati jedhte,Isin jedhtan,Inni jedhe,Isheen jedhte,Isaan jedhan
jedhutu,jedh_,Ani jedhe,Nuti jedhne,Ati jedhte,Isin jedhtan,Inni jedhe,Isheen jedhte,Isaan jedhan
jedhuu,jedh_,Ani jedhe,Nuti jedhne,Ati jedhte,Isin jedhtan,Inni jedhe,Isheen jedhte,Isaan jedhan
jennu,jen_,Ani jene,Nuti jenne,Ati jente,Isin jentan,Inni jene,Isheen jente,Isaan jenan
jette,jet_,Ani jete,Nuti jetne,Ati jette,Isin jettan,Inni jete,Isheen jette,Isaan jetan
jettu,jet_,Ani jete,Nuti jetne,Ati jette,Isin jettan,Inni jete,Isheen jette,Isaan jetan
jibbuu,jibb_,Ani jibbe,Nuti jibbne,Ati jibbte,Isin jibbtan,Inni jibbe,Isheen jibbte,Isaan jibban
jijjiiramu,jijjiiram_,Ani jijjiirame,Nuti jijjiiramne,Ati jijjiiramte,Isin jijjiiramtan,Inni jijjiirame,Isheen jijjiiramte,Isaan jijjiiraman
jijjiiruun,jijjiir_,Ani jijjiire,Nuti jijjiirne,Ati jijjiirte,Isin jijjiirtan,Inni jijjiire,Isheen jijjiirte,Isaan jijjiiran
jiraachuu,jiraat_,Ani jiraate,Nuti jiraatne,Ati jiraatte,Isin jiraattan,Inni jiraate,Isheen jiraatte,Isaan jiraatan
jiraachuun,jiraat_,Ani jiraate,Nuti jiraatne,Ati jiraatte,Isin jiraattan,Inni jiraate,Isheen jiraatte,Isaan jiraatan
jiraanne,jiraat_,Ani jiraate,Nuti jiraatne,Ati jiraatte,Isin jiraattan,Inni jiraate,Isheen jiraatte,Isaan jiraatan
jiraatan,jiraat_,Ani jiraate,Nuti jiraatne,Ati jiraatte,Isin jiraattan,Inni jiraate,Isheen jiraatte,Isaan jiraatan
jiraate,jiraat_,Ani jiraate,Nuti jiraatne,Ati jiraatte,Isin jiraattan,Inni jiraate,Isheen jiraatte,Isaan jiraatan
jiraatu,jiraat_,Ani jiraate,Nuti jiraatne,Ati jiraatte,Isin jiraattan,Inni jiraate,Isheen jiraatte,Isaan jiraatan
kaafaman,kaafam_,Ani kaafame,Nuti kaafamne,Ati kaafamte,Isin kaafamtan,Inni kaafame,Isheen kaafamte,Isaan kaafaman
kaafamuu,kaafam_,Ani kaafame,Nuti kaafamne,Ati kaafamte,Isin kaafamtan,Inni kaafame,Isheen kaafamte,Isaan kaafaman
kaanu,kaan_,Ani kaane,Nuti kaanne,Ati kaante,Isin kaantan,Inni kaane,Isheen kaante,Isaan kaanan
kaayamuu,kaayam_,Ani kaayame,Nuti kaayamne,Ati kaayamte,Isin kaayamtan,Inni kaayame,Isheen kaayamte,Isaan kaayaman
kaayamuun,kaayam_,Ani kaayame,Nuti kaayamne,Ati kaayamte,Isin kaayamtan,Inni kaayame,Isheen kaayamte,Isaan kaayaman
kaa'uun,kaa'_,Ani kaa'e,Nuti kaa'ne,Ati kaa'te,Isin kaa'tan,Inni kaa'e,Isheen kaa'te,Isaan kaa'an
kae,ka_,Ani kae,Nuti kane,Ati kate,Isin katan,Inni kae,Isheen kate,Isaan kaan
kahan,kah_,Ani kahe,Nuti kahne,Ati kahte,Isin kahtan,Inni kahe,Isheen kahte,Isaan kahan
kaluu,kal_,Ani kale,Nuti kalne,Ati kalte,Isin kaltan,Inni kale,Isheen kalte,Isaan kalan
katabe,katab_,Ani katabe,Nuti katabne,Ati katabte,Isin katabtan,Inni katabe,Isheen katabte,Isaan kataban
kauun,ka_,Ani kae,Nuti kane,Ati kate,Isin katan,Inni kae,Isheen kate,Isaan kaan
ka'e,ka'_,Ani ka'e,Nuti ka'ne,Ati ka'te,Isin ka'tan,Inni ka'e,Isheen ka'te,Isaan ka'an
kennan,kenn_,Ani kenne,Nuti kennne,Ati kennte,Isin kenntan,Inni kenne,Isheen kennte,Isaan kennan
kennu,ken_,Ani kene,Nuti kenne,Ati kente,Isin kentan,Inni kene,Isheen kente,Isaan kenan
kennuu,kenn_,Ani kenne,Nuti kennne,Ati kennte,Isin kenntan,Inni kenne,Isheen kennte,Isaan kennan
kutuu,ku_,Ani kue,Nuti kune,Ati kute,Isin kutan,Inni kue,Isheen kute,Isaan kuan
laaftuu,las_,Ani lase,Nuti lasne,Ati laste,Isin lastan,Inni lase,Isheen laste,Isaan lasan
laalamu,laalam_,Ani laalame,Nuti laalamne,Ati laalamte,Isin laalamtan,Inni laalame,Isheen laalamte,Isaan laalaman
laalan,laal_,Ani laale,Nuti laalne,Ati laalte,Isin laaltan,Inni laale,Isheen laalte,Isaan laalan
laallatu,laallat_,Ani laallate,Nuti laallatne,Ati laallatte,Isin laallattan,Inni laallate,Isheen laallatte,Isaan laallatan
laaluun,laal_,Ani laale,Nuti laalne,Ati laalte,Isin laaltan,Inni laale,Isheen laalte,Isaan laalan
laatame,laatam_,Ani laatame,Nuti laatamne,Ati laatamte,Isin laatamtan,Inni laatame,Isheen laatamte,Isaan laataman
labsuun,labs_,Ani labse,Nuti labsne,Ati labste,Isin labstan,Inni labse,Isheen labste,Isaan labsan
lieceste,lieces_,Ani liecese,Nuti liecesne,Ati lieceste,Isin liecestan,Inni liecese,Isheen lieceste,Isaan liecesan
lixu,lix_,Ani lixe,Nuti lixne,Ati lixte,Isin lixtan,Inni lixe,Isheen lixte,Isaan lixan
madaqfachuu,madaqfat_,Ani madaqfate,Nuti madaqfatne,Ati madaqfatte,Isin madaqfattan,Inni madaqfate,Isheen madaqfatte,Isaan madaqfatan
madde,madd_,Ani madde,Nuti maddne,Ati maddte,Isin maddtan,Inni madde,Isheen maddte,Isaan maddan
maddu,mad_,Ani made,Nuti madne,Ati madte,Isin madtan,Inni made,Isheen madte,Isaan madan
makamuu,makam_,Ani makame,Nuti makamne,Ati makamte,Isin makamtan,Inni makame,Isheen makamte,Isaan makaman
makamuun,makam_,Ani makame,Nuti makamne,Ati makamte,Isin makamtan,Inni makame,Isheen makamte,Isaan makaman
maku,mak_,Ani make,Nuti makne,Ati makte,Isin maktan,Inni make,Isheen makte,Isaan makan
makuu,mak_,Ani make,Nuti makne,Ati makte,Isin maktan,Inni make,Isheen makte,Isaan makan
makuun,mak_,Ani make,Nuti makne,Ati makte,Isin maktan,Inni make,Isheen makte,Isaan makan
malu,mal_,Ani male,Nuti malne,Ati malte,Isin maltan,Inni male,Isheen malte,Isaan malan
maqsan,maqs_,Ani maqse,Nuti maqsne,Ati maqste,Isin maqstan,Inni maqse,Isheen maqste,Isaan maqsan
maqsuun,maqs_,Ani maqse,Nuti maqsne,Ati maqste,Isin maqstan,Inni maqse,Isheen maqste,Isaan maqsan
miidhamu,miidham_,Ani miidhame,Nuti miidhamne,Ati miidhamte,Isin miidhamtan,Inni miidhame,Isheen miidhamte,Isaan miidhaman
mijeessuu,mijeess_,Ani mijeesse,Nuti mijeessne,Ati mijeesste,Isin mijeesstan,Inni mijeesse,Isheen mijeesste,Isaan mijeessan
milkoofte,milkoof_,Ani milkoofe,Nuti milkoofne,Ati milkoofte,Isin milkooftan,Inni milkoofe,Isheen milkoofte,Isaan milkoofan
moggaase,moggaas_,Ani moggaase,Nuti moggaasne,Ati moggaaste,Isin moggaastan,Inni moggaase,Isheen moggaaste,Isaan moggaasan
mormitu,mormit_,Ani mormite,Nuti mormitne,Ati mormitte,Isin mormittan,Inni mormite,Isheen mormitte,Isaan mormitan
mormuun,morm_,Ani morme,Nuti mormne,Ati mormte,Isin mormtan,Inni morme,Isheen mormte,Isaan morman
mudate,mudat_,Ani mudate,Nuti mudatne,Ati mudatte,Isin mudattan,Inni mudate,Isheen mudatte,Isaan mudatan
muldhachuu,muldhat_,Ani muldhate,Nuti muldhatne,Ati muldhatte,Isin muldhattan,Inni muldhate,Isheen muldhatte,Isaan muldhatan
muldhatu,muldhat_,Ani muldhate,Nuti muldhatne,Ati muldhatte,Isin muldhattan,Inni muldhate,Isheen muldhatte,Isaan muldhatan
murteessuun,murteess_,Ani murteesse,Nuti murteessne,Ati murteesste,Isin murteesstan,Inni murteesse,Isheen murteesste,Isaan murteessan
muudamu,muudam_,Ani muudame,Nuti muudamne,Ati muudamte,Isin muudamtan,Inni muudame,Isheen muudamte,Isaan muudaman
muudamuu,muudam_,Ani muudame,Nuti muudamne,Ati muudamte,Isin muudamtan,Inni muudame,Isheen muudamte,Isaan muudaman
muudu,muud_,Ani muude,Nuti muudne,Ati muudte,Isin muudtan,Inni muude,Isheen muudte,Isaan muudan
naqachuun,naqat_,Ani naqate,Nuti naqatne,Ati naqatte,Isin naqattan,Inni naqate,Isheen naqatte,Isaan naqatan
nyaachisan,nyaachis_,Ani nyaachise,Nuti nyaachisne,Ati nyaachiste,Isin nyaachistan,Inni nyaachise,Isheen nyaachiste,Isaan nyaachisan
oolchuun,oolch_,Ani oolche,Nuti oolchne,Ati oolchte,Isin oolchtan,Inni oolche,Isheen oolchte,Isaan oolchan
oolfachuu,oolfat_,Ani oolfate,Nuti oolfatne,Ati oolfatte,Isin oolfattan,Inni oolfate,Isheen oolfatte,Isaan oolfatan
oolu,ool_,Ani oole,Nuti oolne,Ati oolte,Isin ooltan,Inni oole,Isheen oolte,Isaan oolan
oomishuu,oomish_,Ani oomishe,Nuti oomishne,Ati oomishte,Isin oomishtan,Inni oomishe,Isheen oomishte,Isaan oomishan
qabaachuu,qabaat_,Ani qabaate,Nuti qabaatne,Ati qabaatte,Isin qabaattan,Inni qabaate,Isheen qabaatte,Isaan qabaatan
qabaachuun,qabaat_,Ani qabaate,Nuti qabaatne,Ati qabaatte,Isin qabaattan,Inni qabaate,Isheen qabaatte,Isaan qabaatan
qabaatu,qabaat_,Ani qabaate,Nuti qabaatne,Ati qabaatte,Isin qabaattan,Inni qabaate,Isheen qabaatte,Isaan qabaatan
qabaman,qabam_,Ani qabame,Nuti qabamne,Ati qabamte,Isin qabamtan,Inni qabame,Isheen qabamte,Isaan qabaman
qaban,qab_,Ani qabe,Nuti qabne,Ati qabte,Isin qabtan,Inni qabe,Isheen qabte,Isaan qaban
qabate,qabat_,Ani qabate,Nuti qabatne,Ati qabatte,Isin qabattan,Inni qabate,Isheen qabatte,Isaan qabatan
qabatte,qabat_,Ani qabate,Nuti qabatne,Ati qabatte,Isin qabattan,Inni qabate,Isheen qabatte,Isaan qabatan
qabe,qab_,Ani qabe,Nuti qabne,Ati qabte,Isin qabtan,Inni qabe,Isheen qabte,Isaan qaban
qabnu,qab_,Ani qabe,Nuti qabne,Ati qabte,Isin qabtan,Inni qabe,Isheen qabte,Isaan qaban
qabsiisuu,qabsiis_,Ani qabsiise,Nuti qabsiisne,Ati qabsiiste,Isin qabsiistan,Inni qabsiise,Isheen qabsiiste,Isaan qabsiisan
qalbifannu,qalbifat_,Ani qalbifate,Nuti qalbifatne,Ati qalbifatte,Isin qalbifattan,Inni qalbifate,Isheen qalbifatte,Isaan qalbifatan
qananeeffamuu,qananeeffam_,Ani qananeeffame,Nuti qananeeffamne,Ati qananeeffamte,Isin qananeeffamtan,Inni qananeeffame,Isheen qananeeffamte,Isaan qananeeffaman
qaqqabe,qaqqab_,Ani qaqqabe,Nuti qaqqabne,Ati qaqqabte,Isin qaqqabtan,Inni qaqqabe,Isheen qaqqabte,Isaan qaqqaban
qarachuu,qarat_,Ani qarate,Nuti qaratne,Ati qaratte,Isin qarattan,Inni qarate,Isheen qaratte,Isaan qaratan
qaran,qar_,Ani qare,Nuti qarne,Ati qarte,Isin qartan,Inni qare,Isheen qarte,Isaan qaran
qarooman,qaroom_,Ani qaroome,Nuti qaroomne,Ati qaroomte,Isin qaroomtan,Inni qaroome,Isheen qaroomte,Isaan qarooman
qbaachuu,qbaat_,Ani qbaate,Nuti qbaatne,Ati qbaatte,Isin qbaattan,Inni qbaate,Isheen qbaatte,Isaan qbaatan
qorachuun,qorat_,Ani qorate,Nuti qoratne,Ati qoratte,Isin qorattan,Inni qorate,Isheen qoratte,Isaan qoratan
raabsan,raabs_,Ani raabse,Nuti raabsne,Ati raabste,Isin raabstan,Inni raabse,Isheen raabste,Isaan raabsan
raabsu,raabs_,Ani raabse,Nuti raabsne,Ati raabste,Isin raabstan,Inni raabse,Isheen raabste,Isaan raabsan
raagan,raag_,Ani raage,Nuti raagne,Ati raagte,Isin raagtan,Inni raage,Isheen raagte,Isaan raagan
raasuu,raas_,Ani raase,Nuti raasne,Ati raaste,Isin raastan,Inni raase,Isheen raaste,Isaan raasan
raawachiiftuu,raawachis_,Ani raawachise,Nuti raawachisne,Ati raawachiste,Isin raawachistan,Inni raawachise,Isheen raawachiste,Isaan raawachisan
raawachiiftuun,raawachiis_,Ani raawachiise,Nuti raawachiisne,Ati raawachiiste,Isin raawachiistan,Inni raawachiise,Isheen raawachiiste,Isaan raawachiisan
sarbu,sarb_,Ani sarbe,Nuti sarbne,Ati sarbte,Isin sarbtan,Inni sarbe,Isheen sarbte,Isaan sarban
sarbuu,sarb_,Ani sarbe,Nuti sarbne,Ati sarbte,Isin sarbtan,Inni sarbe,Isheen sarbte,Isaan sarban
seenamne,seenam_,Ani seename,Nuti seenamne,Ati seenamte,Isin seenamtan,Inni seename,Isheen seenamte,Isaan seenaman
seenamu,seenam_,Ani seename,Nuti seenamne,Ati seenamte,Isin seenamtan,Inni seename,Isheen seenamte,Isaan seenaman
seenan,seen_,Ani seene,Nuti seenne,Ati seente,Isin seentan,Inni seene,Isheen seente,Isaan seenan
seene,see_,Ani seee,Nuti seene,Ati seete,Isin seetan,Inni seee,Isheen seete,Isaan seean
seenu,seen_,Ani seene,Nuti seenne,Ati seente,Isin seentan,Inni seene,Isheen seente,Isaan seenan
seeran,seer_,Ani seere,Nuti seerne,Ati seerte,Isin seertan,Inni seere,Isheen seerte,Isaan seeran
shakalsiisu,shakalsiis_,Ani shakalsiise,Nuti shakalsiisne,Ati shakalsiiste,Isin shakalsiistan,Inni shakalsiise,Isheen shakalsiiste,Isaan shakalsiisan
shakkine,shakki_,Ani shakkie,Nuti shakkine,Ati shakkite,Isin shakkitan,Inni shakkie,Isheen shakkite,Isaan shakkian
taasifamuu,taasifam_,Ani taasifame,Nuti taasifamne,Ati taasifamte,Isin taasifamtan,Inni taasifame,Isheen taasifamte,Isaan taasifaman
taasise,taasis_,Ani taasise,Nuti taasisne,Ati taasiste,Isin taasistan,Inni taasise,Isheen taasiste,Isaan taasisan
tae,ta_,Ani tae,Nuti tane,Ati tate,Isin tatan,Inni tae,Isheen tate,Isaan taan
tahe,tah_,Ani tahe,Nuti tahne,Ati tahte,Isin tahtan,Inni tahe,Isheen tahte,Isaan tahan
tahu,tah_,Ani tahe,Nuti tahne,Ati tahte,Isin tahtan,Inni tahe,Isheen tahte,Isaan tahan
tahuu,tah_,Ani tahe,Nuti tahne,Ati tahte,Isin tahtan,Inni tahe,Isheen tahte,Isaan tahan
tahuun,tah_,Ani tahe,Nuti tahne,Ati tahte,Isin tahtan,Inni tahe,Isheen tahte,Isaan tahan
tajaajiluu,tajaajil_,Ani tajaajile,Nuti tajaajilne,Ati tajaajilte,Isin tajaajiltan,Inni tajaajile,Isheen tajaajilte,Isaan tajaajilan
taphate,taphat_,Ani taphate,Nuti taphatne,Ati taphatte,Isin taphattan,Inni taphate,Isheen taphatte,Isaan taphatan
taphatte,taphat_,Ani taphate,Nuti taphatne,Ati taphatte,Isin taphattan,Inni taphate,Isheen taphatte,Isaan taphatan
tarkaanfachuu,tarkaanfat_,Ani tarkaanfate,Nuti tarkaanfatne,Ati tarkaanfatte,Isin tarkaanfattan,Inni tarkaanfate,Isheen tarkaanfatte,Isaan tarkaanfatan
tarreesse,tarreess_,Ani tarreesse,Nuti tarreessne,Ati tarreesste,Isin tarreesstan,Inni tarreesse,Isheen tarreesste,Isaan tarreessan
tau,ta_,Ani tae,Nuti tane,Ati tate,Isin tatan,Inni tae,Isheen tate,Isaan taan
tauu,ta_,Ani tae,Nuti tane,Ati tate,Isin tatan,Inni tae,Isheen tate,Isaan taan
tauun,ta_,Ani tae,Nuti tane,Ati tate,Isin tatan,Inni tae,Isheen tate,Isaan taan
ta'e,ta'_,Ani ta'e,Nuti ta'ne,Ati ta'te,Isin ta'tan,Inni ta'e,Isheen ta'te,Isaan ta'an
ta'u,ta'_,Ani ta'e,Nuti ta'ne,Ati ta'te,Isin ta'tan,Inni ta'e,Isheen ta'te,Isaan ta'an
ta'uu,ta'_,Ani ta'e,Nuti ta'ne,Ati ta'te,Isin ta'tan,Inni ta'e,Isheen ta'te,Isaan ta'an
ta'uun,ta'_,Ani ta'e,Nuti ta'ne,Ati ta'te,Isin ta'tan,Inni ta'e,Isheen ta'te,Isaan ta'an
tilmaamamu,tilmaamam_,Ani tilmaamame,Nuti tilmaamamne,Ati tilmaamamte,Isin tilmaamamtan,Inni tilmaamame,Isheen tilmaamamte,Isaan tilmaamaman
tolche,tolch_,Ani tolche,Nuti tolchne,Ati tolchte,Isin tolchtan,Inni tolche,Isheen tolchte,Isaan tolchan
tolfamu,tolfam_,Ani tolfame,Nuti tolfamne,Ati tolfamte,Isin tolfamtan,Inni tolfame,Isheen tolfamte,Isaan tolfaman
tolfatan,tolfat_,Ani tolfate,Nuti tolfatne,Ati tolfatte,Isin tolfattan,Inni tolfate,Isheen tolfatte,Isaan tolfatan
tolu,tol_,Ani tole,Nuti tolne,Ati tolte,Isin toltan,Inni tole,Isheen tolte,Isaan tolan
too'atamu,too'atam_,Ani too'atame,Nuti too'atamne,Ati too'atamte,Isin too'atamtan,Inni too'atame,Isheen too'atamte,Isaan too'ataman
tumamuu,tumam_,Ani tumame,Nuti tumamne,Ati tumamte,Isin tumamtan,Inni tumame,Isheen tumamte,Isaan tumaman
tumsuu,tums_,Ani tumse,Nuti tumsne,Ati tumste,Isin tumstan,Inni tumse,Isheen tumste,Isaan tumsan
tuqaman,tuqam_,Ani tuqame,Nuti tuqamne,Ati tuqamte,Isin tuqamtan,Inni tuqame,Isheen tuqamte,Isaan tuqaman
tuqne,tuq_,Ani tuqe,Nuti tuqne,Ati tuqte,Isin tuqtan,Inni tuqe,Isheen tuqte,Isaan tuqan
turan,tur_,Ani ture,Nuti turne,Ati turte,Isin turtan,Inni ture,Isheen turte,Isaan turan
turre,tur_,Ani ture,Nuti turne,Ati turte,Isin turtan,Inni ture,Isheen turte,Isaan turan
turte,tur_,Ani ture,Nuti turne,Ati turte,Isin turtan,Inni ture,Isheen turte,Isaan turan
turuun,tur_,Ani ture,Nuti turne,Ati turte,Isin turtan,Inni ture,Isheen turte,Isaan turan
uffanne,uffat_,Ani uffate,Nuti uffatne,Ati uffatte,Isin uffattan,Inni uffate,Isheen uffatte,Isaan uffatan
ukkaamfamuu,ukkaamfam_,Ani ukkaamfame,Nuti ukkaamfamne,Ati ukkaamfamte,Isin ukkaamfamtan,Inni ukkaamfame,Isheen ukkaamfamte,Isaan ukkaamfaman
ukkaamsuu,ukkaams_,Ani ukkaamse,Nuti ukkaamsne,Ati ukkaamste,Isin ukkaamstan,Inni ukkaamse,Isheen ukkaamste,Isaan ukkaamsan
uumame,uumam_,Ani uumame,Nuti uumamne,Ati uumamte,Isin uumamtan,Inni uumame,Isheen uumamte,Isaan uumaman
uumamte,uumam_,Ani uumame,Nuti uumamne,Ati uumamte,Isin uumamtan,Inni uumame,Isheen uumamte,Isaan uumaman
uumamu,uumam_,Ani uumame,Nuti uumamne,Ati uumamte,Isin uumamtan,Inni uumame,Isheen uumamte,Isaan uumaman
uumamuu,uumam_,Ani uumame,Nuti uumamne,Ati uumamte,Isin uumamtan,Inni uumame,Isheen uumamte,Isaan uumaman
uumamuun,uumam_,Ani uumame,Nuti uumamne,Ati uumamte,Isin uumamtan,Inni uumame,Isheen uumamte,Isaan uumaman
uumuu,uum_,Ani uume,Nuti uumne,Ati uumte,Isin uumtan,Inni uume,Isheen uumte,Isaan uuman
waamamuun,waamam_,Ani waamame,Nuti waamamne,Ati waamamte,Isin waamamtan,Inni waamame,Isheen waamamte,Isaan waamaman
waldanda'an,waldanda'_,Ani waldanda'e,Nuti waldanda'ne,Ati waldanda'te,Isin waldanda'tan,Inni waldanda'e,Isheen waldanda'te,Isaan waldanda'an
waldanda'uun,waldanda'_,Ani waldanda'e,Nuti waldanda'ne,Ati waldanda'te,Isin waldanda'tan,Inni waldanda'e,Isheen waldanda'te,Isaan waldanda'an
waldhaalchise,waldhaalchis_,Ani waldhaalchise,Nuti waldhaalchisne,Ati waldhaalchiste,Isin waldhaalchistan,Inni waldhaalchise,Isheen waldhaalchiste,Isaan waldhaalchisan
walfooyuu,walfooy_,Ani walfooye,Nuti walfooyne,Ati walfooyte,Isin walfooytan,Inni walfooye,Isheen walfooyte,Isaan walfooyan
wallaaluu,wallaal_,Ani wallaale,Nuti wallaalne,Ati wallaalte,Isin wallaaltan,Inni wallaale,Isheen wallaalte,Isaan wallaalan
walmakuu,walmak_,Ani walmake,Nuti walmakne,Ati walmakte,Isin walmaktan,Inni walmake,Isheen walmakte,Isaan walmakan
walmakuun,walmak_,Ani walmake,Nuti walmakne,Ati walmakte,Isin walmaktan,Inni walmake,Isheen walmakte,Isaan walmakan
walmorkan,walmork_,Ani walmorke,Nuti walmorkne,Ati walmorkte,Isin walmorktan,Inni walmorke,Isheen walmorkte,Isaan walmorkan
walutubuun,walutub_,Ani walutube,Nuti walutubne,Ati walutubte,Isin walutubtan,Inni walutube,Isheen walutubte,Isaan walutuban
wareegaman,wareegam_,Ani wareegame,Nuti wareegamne,Ati wareegamte,Isin wareegamtan,Inni wareegame,Isheen wareegamte,Isaan wareegaman
wayyu,wayy_,Ani wayye,Nuti wayyne,Ati wayyte,Isin wayytan,Inni wayye,Isheen wayyte,Isaan wayyan
xiyyeeffate,xiyyeeffat_,Ani xiyyeeffate,Nuti xiyyeeffatne,Ati xiyyeeffatte,Isin xiyyeeffattan,Inni xiyyeeffate,Isheen xiyyeeffatte,Isaan xiyyeeffatan
xureessuu,xureess_,Ani xureesse,Nuti xureessne,Ati xureesste,Isin xureesstan,Inni xureesse,Isheen xureesste,Isaan xureessan
yaadame,yaadam_,Ani yaadame,Nuti yaadamne,Ati yaadamte,Isin yaadamtan,Inni yaadame,Isheen yaadamte,Isaan yaadaman
yaaddessuun,yaaddess_,Ani yaaddesse,Nuti yaaddessne,Ati yaaddesste,Isin yaaddesstan,Inni yaaddesse,Isheen yaaddesste,Isaan yaaddessan
yaaduu,yaad_,Ani yaade,Nuti yaadne,Ati yaadte,Isin yaadtan,Inni yaade,Isheen yaadte,Isaan yaadan
yaafamu,yaafam_,Ani yaafame,Nuti yaafamne,Ati yaafamte,Isin yaafamtan,Inni yaafame,Isheen yaafamte,Isaan yaafaman
yaalame,yaalam_,Ani yaalame,Nuti yaalamne,Ati yaalamte,Isin yaalamtan,Inni yaalame,Isheen yaalamte,Isaan yaalaman
yaalu,yaal_,Ani yaale,Nuti yaalne,Ati yaalte,Isin yaaltan,Inni yaale,Isheen yaalte,Isaan yaalan
yaaluu,yaal_,Ani yaale,Nuti yaalne,Ati yaalte,Isin yaaltan,Inni yaale,Isheen yaalte,Isaan yaalan
